72057594037932043,12:09:15.306,Left,0,0,0,1
72057594037932043,12:09:15.306,Right,0,0,0,1
72057594037932043,12:09:15.359,Left,-1.293804,-3.898046,1,1
72057594037932043,12:09:15.359,Right,2.55318,-4.200406,1,1
72057594037932043,12:09:15.400,Left,-1.295969,-3.897349,1,1
72057594037932043,12:09:15.400,Right,2.554387,-4.198796,1,1
72057594037932043,12:09:15.435,Left,-1.295969,-3.897349,1,1
72057594037932043,12:09:15.435,Right,2.554387,-4.198796,1,1
72057594037932043,12:09:15.471,Left,-1.290032,-3.899725,1,1
72057594037932043,12:09:15.471,Right,2.552432,-4.206949,1,1
72057594037932043,12:09:15.505,Left,-1.290674,-3.900938,1,1
72057594037932043,12:09:15.505,Right,2.558038,-4.214028,1,1
72057594037932043,12:09:15.563,Left,-1.289148,-3.897988,1,1
72057594037932043,12:09:15.563,Right,2.556356,-4.211345,1,1
72057594037932043,12:09:15.599,Left,-1.296224,-3.900602,1,1
72057594037932043,12:09:15.599,Right,2.39859,-4.295689,1,1
72057594037932043,12:09:15.633,Left,-1.290704,-3.900312,1,1
72057594037932043,12:09:15.633,Right,2.489185,-4.25512,1,1
72057594037932043,12:09:15.667,Left,-1.296005,-3.897467,1,1
72057594037932043,12:09:15.667,Right,2.504606,-4.245601,1,1
72057594037932043,12:09:15.705,Left,-1.279291,-3.901909,1,1
72057594037932043,12:09:15.705,Right,2.505813,-4.244877,1,1
72057594037932043,12:09:15.746,Left,-1.282725,-3.898889,1,1
72057594037932043,12:09:15.746,Right,2.516807,-4.239344,1,1
72057594037932043,12:09:15.784,Left,-1.273412,-3.914374,1,1
72057594037932043,12:09:15.784,Right,2.514106,-4.231629,1,1
72057594037932043,12:09:15.837,Left,-1.264962,-3.915467,1,1
72057594037932043,12:09:15.837,Right,2.377706,-4.303233,1,1
72057594037932043,12:09:15.879,Left,-1.264017,-3.902037,1,1
72057594037932043,12:09:15.879,Right,2.341225,-4.144806,1,1
72057594037932043,12:09:15.913,Left,-1.262357,-3.905479,1,1
72057594037932043,12:09:15.913,Right,2.364887,-4.307392,1,1
72057594037932043,12:09:15.949,Left,-1.24777,-3.93612,1,1
72057594037932043,12:09:15.949,Right,2.364728,-4.339332,1,1
72057594037932043,12:09:15.987,Left,-1.267576,-3.941849,1,1
72057594037932043,12:09:15.987,Right,2.362915,-4.337777,1,1
72057594037932043,12:09:16.039,Left,-1.276813,-3.961015,1,1
72057594037932043,12:09:16.039,Right,2.332668,-4.191019,1,1
72057594037932043,12:09:16.076,Left,-1.281483,-3.977911,1,1
72057594037932043,12:09:16.076,Right,2.346737,-4.180455,1,1
72057594037932043,12:09:16.114,Left,-1.297957,-4.001226,1,1
72057594037932043,12:09:16.114,Right,2.393514,-4.180104,1,1
72057594037932043,12:09:16.154,Left,-1.370351,-4.048481,1,1
72057594037932043,12:09:16.154,Right,2.516295,-4.189076,1,1
72057594037932043,12:09:16.189,Left,-1.370351,-4.048481,1,1
72057594037932043,12:09:16.189,Right,2.516295,-4.189076,1,1
72057594037932043,12:09:16.232,Left,-1.421184,-4.072383,1,1
72057594037932043,12:09:16.232,Right,2.534341,-4.107059,1,1
72057594037932043,12:09:16.266,Left,-1.447264,-4.115762,1,1
72057594037932043,12:09:16.266,Right,2.771379,-3.922976,1,1
72057594037932043,12:09:16.319,Left,-1.534324,-4.123733,1,1
72057594037932043,12:09:16.319,Right,2.790699,-3.764633,1,1
72057594037932043,12:09:16.357,Left,-1.55453,-4.157254,1,1
72057594037932043,12:09:16.357,Right,2.719477,-3.55911,1,1
72057594037932043,12:09:16.395,Left,-1.580124,-4.182362,1,1
72057594037932043,12:09:16.395,Right,2.555842,-3.343698,1,1
72057594037932043,12:09:16.430,Left,-1.592551,-4.191096,1,1
72057594037932043,12:09:16.430,Right,2.24168,-2.979033,1,1
72057594037932043,12:09:16.466,Left,-1.624589,-4.154649,1,1
72057594037932043,12:09:16.466,Right,1.778391,-2.000845,1,1
72057594037932043,12:09:16.523,Left,-1.594493,-4.224291,1,1
72057594037932043,12:09:16.523,Right,2.44885,-1.71772,1,1
72057594037932043,12:09:16.558,Left,-1.617739,-4.191953,1,1
72057594037932043,12:09:16.558,Right,2.456869,-1.350533,1,1
72057594037932043,12:09:16.592,Left,-1.640998,-4.203309,1,1
72057594037932043,12:09:16.592,Right,2.323953,-0.9686602,1,1
72057594037932043,12:09:16.626,Left,-1.663637,-4.188648,1,1
72057594037932043,12:09:16.626,Right,2.157109,-0.5579794,1,1
72057594037932043,12:09:16.677,Left,-1.670993,-4.193372,1,1
72057594037932043,12:09:16.677,Right,1.991608,-0.2608437,1,1
72057594037932043,12:09:16.711,Left,-1.689159,-4.176284,1,1
72057594037932043,12:09:16.711,Right,1.810301,0.03304742,1,1
72057594037932043,12:09:16.746,Left,-1.698365,-4.187301,1,1
72057594037932043,12:09:16.746,Right,1.601775,0.414847,1,1
72057594037932043,12:09:16.796,Left,-1.707963,-4.184359,1,1
72057594037932043,12:09:16.796,Right,1.102891,1.116872,1,1
72057594037932043,12:09:16.829,Left,-1.707963,-4.184359,1,1
72057594037932043,12:09:16.829,Right,1.102891,1.116872,1,1
72057594037932043,12:09:16.863,Left,-1.71628,-4.177807,1,1
72057594037932043,12:09:16.863,Right,1.09857,1.143079,1,1
72057594037932043,12:09:16.919,Left,-1.724074,-4.19218,1,1
72057594037932043,12:09:16.919,Right,0.9990251,1.183583,1,1
72057594037932043,12:09:16.952,Left,-1.729454,-4.19574,1,1
72057594037932043,12:09:16.952,Right,0.9595012,1.15491,1,1
72057594037932043,12:09:16.986,Left,-1.729842,-4.214698,1,1
72057594037932043,12:09:16.986,Right,0.5887146,1.351856,1,1
72057594037932043,12:09:17.036,Left,-1.775778,-3.927995,1,1
72057594037932043,12:09:17.036,Right,-0.1382062,1.337579,1,1
72057594037932043,12:09:17.072,Left,-1.718577,-4.242357,1,1
72057594037932043,12:09:17.072,Right,-0.1658221,1.044003,1,1
72057594037932043,12:09:17.112,Left,-1.678502,-4.278836,1,1
72057594037932043,12:09:17.112,Right,-0.184915,0.6494108,1,1
72057594037932043,12:09:17.147,Left,-1.714331,-4.241268,1,1
72057594037932043,12:09:17.147,Right,-0.2134837,0.1784693,1,1
72057594037932043,12:09:17.197,Left,-1.703726,-4.287725,1,1
72057594037932043,12:09:17.197,Right,-0.3468627,-0.7833892,1,1
72057594037932043,12:09:17.231,Left,-1.728268,-4.298544,1,1
72057594037932043,12:09:17.231,Right,-0.3320501,-1.289578,1,1
72057594037932043,12:09:17.265,Left,-1.728268,-4.298544,1,1
72057594037932043,12:09:17.265,Right,-0.3320501,-1.289578,1,1
72057594037932043,12:09:17.315,Left,-1.754568,-4.271722,1,1
72057594037932043,12:09:17.315,Right,-0.1194301,-2.476754,1,1
72057594037932043,12:09:17.349,Left,-1.754568,-4.271722,1,1
72057594037932043,12:09:17.349,Right,-0.1194301,-2.476754,1,1
72057594037932043,12:09:17.400,Left,-1.755589,-4.263057,1,1
72057594037932043,12:09:17.400,Right,-0.01314397,-2.678349,1,1
72057594037932043,12:09:17.433,Left,-1.745229,-4.240775,1,1
72057594037932043,12:09:17.433,Right,0.05336574,-2.868283,1,1
72057594037932043,12:09:17.467,Left,-1.726996,-4.22991,1,1
72057594037932043,12:09:17.467,Right,-0.03528108,-2.921207,1,1
72057594037932043,12:09:17.520,Left,-1.716645,-4.228342,1,1
72057594037932043,12:09:17.520,Right,0.01517696,-2.872489,1,1
72057594037932043,12:09:17.553,Left,-1.69609,-4.220611,1,1
72057594037932043,12:09:17.553,Right,-0.09214619,-2.794441,1,1
72057594037932043,12:09:17.588,Left,-1.670548,-4.216103,1,1
72057594037932043,12:09:17.588,Right,-0.06231492,-2.696563,1,1
72057594037932043,12:09:17.639,Left,-1.65451,-4.20371,1,1
72057594037932043,12:09:17.639,Right,-0.05388882,-2.589607,1,1
72057594037932043,12:09:17.672,Left,-1.65451,-4.20371,1,1
72057594037932043,12:09:17.672,Right,-0.05388882,-2.589607,1,1
72057594037932043,12:09:17.706,Left,-1.642655,-4.207531,1,1
72057594037932043,12:09:17.706,Right,0.04796123,-2.420712,1,1
72057594037932043,12:09:17.757,Left,-1.641728,-4.198632,1,1
72057594037932043,12:09:17.757,Right,0.1644454,-2.016891,1,1
72057594037932043,12:09:17.791,Left,-1.66068,-4.191182,1,1
72057594037932043,12:09:17.791,Right,0.2000864,-1.758995,1,1
72057594037932043,12:09:17.825,Left,-1.655555,-4.181858,1,1
72057594037932043,12:09:17.825,Right,0.3176267,-1.44089,1,1
72057594037932043,12:09:17.876,Left,-1.654784,-4.18096,1,1
72057594037932043,12:09:17.876,Right,0.7342225,-0.7218347,1,1
72057594037932043,12:09:17.910,Left,-1.644751,-4.18282,1,1
72057594037932043,12:09:17.910,Right,1.144109,-0.2894653,1,1
72057594037932043,12:09:17.944,Left,-1.644751,-4.18282,1,1
72057594037932043,12:09:17.944,Right,1.144109,-0.2894653,1,1
72057594037932043,12:09:18.000,Left,-1.642595,-4.195436,1,1
72057594037932043,12:09:18.000,Right,1.998918,0.5851551,1,1
72057594037932043,12:09:18.033,Left,-1.649888,-4.178649,1,1
72057594037932043,12:09:18.033,Right,2.44051,1.075728,1,1
72057594037932043,12:09:18.071,Left,-1.64887,-4.156327,1,1
72057594037932043,12:09:18.071,Right,3.337233,2.01283,1,1
72057594037932043,12:09:18.106,Left,-1.642246,-4.156215,1,1
72057594037932043,12:09:18.106,Right,3.687644,1.430016,1,1
72057594037932043,12:09:18.159,Left,-1.628274,-4.184155,1,1
72057594037932043,12:09:18.159,Right,3.942662,1.165135,1,1
72057594037932043,12:09:18.193,Left,-1.61643,-4.199273,1,1
72057594037932043,12:09:18.193,Right,4.127975,1.337067,1,1
72057594037932043,12:09:18.227,Left,-1.61643,-4.199273,1,1
72057594037932043,12:09:18.227,Right,4.127975,1.337067,1,1
72057594037932043,12:09:18.270,Left,-1.600837,-4.194571,1,1
72057594037932043,12:09:18.270,Right,4.211295,1.347507,1,1
72057594037932043,12:09:18.303,Left,-1.597368,-4.194629,1,1
72057594037932043,12:09:18.303,Right,4.328718,1.330129,1,1
72057594037932043,12:09:18.356,Left,-1.57436,-4.198945,1,1
72057594037932043,12:09:18.356,Right,4.394112,1.354007,1,1
72057594037932043,12:09:18.391,Left,-1.563992,-4.205816,1,1
72057594037932043,12:09:18.391,Right,4.386902,1.307432,1,1
72057594037932043,12:09:18.425,Left,-1.553174,-4.208092,1,1
72057594037932043,12:09:18.425,Right,4.369716,1.278737,1,1
72057594037932043,12:09:18.475,Left,-1.542689,-4.208534,1,1
72057594037932043,12:09:18.475,Right,4.33616,1.264379,1,1
72057594037932043,12:09:18.509,Left,-1.521485,-4.211792,1,1
72057594037932043,12:09:18.509,Right,4.224596,1.220254,1,1
72057594037932043,12:09:18.559,Left,-1.521485,-4.211792,1,1
72057594037932043,12:09:18.559,Right,4.224596,1.220254,1,1
72057594037932043,12:09:18.592,Left,-1.526875,-4.215929,1,1
72057594037932043,12:09:18.592,Right,4.159273,1.108639,1,1
72057594037932043,12:09:18.628,Left,-1.525445,-4.215486,1,1
72057594037932043,12:09:18.628,Right,3.995407,1.464822,1,1
72057594037932043,12:09:18.679,Left,-1.525683,-4.206614,1,1
72057594037932043,12:09:18.679,Right,3.484978,1.53128,1,1
72057594037932043,12:09:18.714,Left,-1.535178,-4.205281,1,1
72057594037932043,12:09:18.714,Right,3.163085,1.071202,1,1
72057594037932043,12:09:18.748,Left,-1.560756,-4.199069,1,1
72057594037932043,12:09:18.748,Right,2.420774,0.06502404,1,1
72057594037932043,12:09:18.798,Left,-1.560756,-4.199069,1,1
72057594037932043,12:09:18.798,Right,2.420774,0.06502404,1,1
72057594037932043,12:09:18.831,Left,-1.582258,-4.249074,1,1
72057594037932043,12:09:18.831,Right,2.011692,-0.4349383,1,1
72057594037932043,12:09:18.865,Left,-1.618459,-4.243234,1,1
72057594037932043,12:09:18.865,Right,1.728628,-1.03713,1,1
72057594037932043,12:09:18.918,Left,-1.688299,-4.236817,1,1
72057594037932043,12:09:18.918,Right,1.441493,-2.108312,1,1
72057594037932043,12:09:18.952,Left,-1.740192,-4.220177,1,1
72057594037932043,12:09:18.952,Right,1.178027,-2.730226,1,1
72057594037932043,12:09:18.985,Left,-1.775495,-4.186109,1,1
72057594037932043,12:09:18.985,Right,1.097108,-3.110675,1,1
72057594037932043,12:09:19.037,Left,-1.911854,-4.042933,1,1
72057594037932043,12:09:19.037,Right,1.792962,-3.584726,1,1
72057594037932043,12:09:19.073,Left,-2.291417,-3.860686,1,1
72057594037932043,12:09:19.073,Right,1.886957,-4.134446,1,1
72057594037932043,12:09:19.107,Left,-2.291417,-3.860686,1,1
72057594037932043,12:09:19.107,Right,1.886957,-4.134446,1,1
72057594037932043,12:09:19.157,Left,-1.815584,-3.633381,1,1
72057594037932043,12:09:19.157,Right,1.998623,-4.305861,1,1
72057594037932043,12:09:19.192,Left,-2.60976,-3.114588,1,1
72057594037932043,12:09:19.192,Right,2.015022,-4.462474,1,1
72057594037932043,12:09:19.225,Left,-2.636077,-2.445589,1,1
72057594037932043,12:09:19.225,Right,2.097097,-4.792752,1,1
72057594037932043,12:09:19.276,Left,-3.734122,-1.135531,1,1
72057594037932043,12:09:19.276,Right,2.193004,-4.734538,1,1
72057594037932043,12:09:19.310,Left,-3.384339,-1.590628,1,1
72057594037932043,12:09:19.310,Right,2.182739,-4.728237,1,1
72057594037932043,12:09:19.344,Left,-3.384339,-1.590628,1,1
72057594037932043,12:09:19.344,Right,2.182739,-4.728237,1,1
72057594037932043,12:09:19.395,Left,-2.440216,-0.0657339,1,1
72057594037932043,12:09:19.395,Right,2.201985,-4.683319,1,1
72057594037932043,12:09:19.428,Left,-2.440216,-0.0657339,1,1
72057594037932043,12:09:19.428,Right,2.201985,-4.683319,1,1
72057594037932043,12:09:19.479,Left,-2.796321,0.453054,1,1
72057594037932043,12:09:19.479,Right,2.205008,-4.692883,1,1
72057594037932043,12:09:19.512,Left,-3.452692,0.4337526,1,1
72057594037932043,12:09:19.512,Right,2.202086,-4.689499,1,1
72057594037932043,12:09:19.546,Left,-3.678192,0.5437515,1,1
72057594037932043,12:09:19.546,Right,2.200047,-4.694828,1,1
72057594037932043,12:09:19.599,Left,-4.334424,1.031382,1,1
72057594037932043,12:09:19.599,Right,2.201998,-4.678391,1,1
72057594037932043,12:09:19.633,Left,-4.430716,0.9332057,1,1
72057594037932043,12:09:19.633,Right,2.203095,-4.679405,1,1
72057594037932043,12:09:19.667,Left,-4.500853,0.9405637,1,1
72057594037932043,12:09:19.667,Right,2.207623,-4.686032,1,1
72057594037932043,12:09:19.719,Left,-4.500853,0.9405637,1,1
72057594037932043,12:09:19.719,Right,2.207623,-4.686032,1,1
72057594037932043,12:09:19.754,Left,-4.622412,0.9359383,1,1
72057594037932043,12:09:19.754,Right,2.219261,-4.668836,1,1
72057594037932043,12:09:19.799,Left,-4.690515,0.924275,1,1
72057594037932043,12:09:19.799,Right,2.225659,-4.674209,1,1
72057594037932043,12:09:19.834,Left,-4.839858,0.8463865,1,1
72057594037932043,12:09:19.834,Right,2.313946,-4.617194,1,1
72057594037932043,12:09:19.868,Left,-4.839858,0.8463865,1,1
72057594037932043,12:09:19.868,Right,2.313946,-4.617194,1,1
72057594037932043,12:09:19.920,Left,-4.875766,0.8089144,1,1
72057594037932043,12:09:19.920,Right,2.297147,-4.631642,1,1
72057594037932043,12:09:19.957,Left,-4.901285,0.7795036,1,1
72057594037932043,12:09:19.957,Right,2.279436,-4.642416,1,1
72057594037932043,12:09:19.992,Left,-4.891355,0.6857518,1,1
72057594037932043,12:09:19.992,Right,2.268329,-4.633812,1,1
72057594037932043,12:09:20.025,Left,-4.897851,0.6423162,1,1
72057594037932043,12:09:20.025,Right,2.258132,-4.638949,1,1
72057594037932043,12:09:20.075,Left,-4.870656,0.5678566,1,1
72057594037932043,12:09:20.075,Right,2.255608,-4.644918,1,1
72057594037932043,12:09:20.108,Left,-4.851786,0.5219052,1,1
72057594037932043,12:09:20.108,Right,2.250608,-4.647105,1,1
72057594037932043,12:09:20.162,Left,-4.787712,0.4953987,1,1
72057594037932043,12:09:20.162,Right,2.243616,-4.64222,1,1
72057594037932043,12:09:20.195,Left,-4.140659,0.7989475,1,1
72057594037932043,12:09:20.195,Right,2.242151,-4.645229,1,1
72057594037932043,12:09:20.228,Left,-3.602532,0.4380767,1,1
72057594037932043,12:09:20.228,Right,2.242486,-4.643604,1,1
72057594037932043,12:09:20.279,Left,-3.602532,0.4380767,1,1
72057594037932043,12:09:20.279,Right,2.242486,-4.643604,1,1
72057594037932043,12:09:20.313,Left,-2.048342,-0.8604413,1,1
72057594037932043,12:09:20.313,Right,2.23176,-4.650474,1,1
72057594037932043,12:09:20.348,Left,-1.656352,-1.435453,1,1
72057594037932043,12:09:20.348,Right,2.235364,-4.648053,1,1
72057594037932043,12:09:20.398,Left,-1.656352,-1.435453,1,1
72057594037932043,12:09:20.398,Right,2.235364,-4.648053,1,1
72057594037932043,12:09:20.432,Left,-1.280416,-2.044165,1,1
72057594037932043,12:09:20.432,Right,2.226392,-4.640819,1,1
72057594037932043,12:09:20.465,Left,-1.041393,-2.690372,1,1
72057594037932043,12:09:20.465,Right,2.222903,-4.639992,1,1
72057594037932043,12:09:20.516,Left,-1.008702,-3.776796,1,1
72057594037932043,12:09:20.516,Right,2.185751,-4.64999,1,1
72057594037932043,12:09:20.550,Left,-1.422529,-4.093647,1,1
72057594037932043,12:09:20.550,Right,2.159276,-4.628287,1,1
72057594037932043,12:09:20.584,Left,-2.261278,-4.5218,1,1
72057594037932043,12:09:20.584,Right,2.08759,-4.607478,1,1
72057594037932043,12:09:20.635,Left,-2.231842,-4.631379,1,1
72057594037932043,12:09:20.635,Right,2.106052,-4.513095,1,1
72057594037932043,12:09:20.670,Left,-2.253978,-4.706534,1,1
72057594037932043,12:09:20.670,Right,2.184912,-4.319526,1,1
72057594037932043,12:09:20.709,Left,-2.253978,-4.706534,1,1
72057594037932043,12:09:20.709,Right,2.184912,-4.319526,1,1
72057594037932043,12:09:20.760,Left,-2.236447,-4.720121,1,1
72057594037932043,12:09:20.760,Right,2.040624,-3.983644,1,1
72057594037932043,12:09:20.793,Left,-2.245745,-4.716064,1,1
72057594037932043,12:09:20.793,Right,2.025344,-3.442118,1,1
72057594037932043,12:09:20.827,Left,-2.256025,-4.732008,1,1
72057594037932043,12:09:20.827,Right,1.918302,-3.064142,1,1
72057594037932043,12:09:20.878,Left,-2.280881,-4.715059,1,1
72057594037932043,12:09:20.878,Right,1.538903,-2.069305,1,1
72057594037932043,12:09:20.912,Left,-2.28658,-4.71181,1,1
72057594037932043,12:09:20.912,Right,2.04691,-1.437263,1,1
72057594037932043,12:09:20.945,Left,-2.283112,-4.725816,1,1
72057594037932043,12:09:20.945,Right,2.003735,-0.04030947,1,1
72057594037932043,12:09:20.995,Left,-2.284651,-4.714042,1,1
72057594037932043,12:09:20.995,Right,2.079707,0.528273,1,1
72057594037932043,12:09:21.030,Left,-2.286058,-4.705317,1,1
72057594037932043,12:09:21.030,Right,2.172374,0.9278777,1,1
72057594037932043,12:09:21.080,Left,-2.297455,-4.713872,1,1
72057594037932043,12:09:21.080,Right,2.261545,1.562393,1,1
72057594037932043,12:09:21.114,Left,-2.300885,-4.71657,1,1
72057594037932043,12:09:21.114,Right,2.306113,1.650848,1,1
72057594037932043,12:09:21.148,Left,-2.297201,-4.708359,1,1
72057594037932043,12:09:21.148,Right,2.322047,1.718099,1,1
72057594037932043,12:09:21.199,Left,-2.297201,-4.708359,1,1
72057594037932043,12:09:21.199,Right,2.322047,1.718099,1,1
72057594037932043,12:09:21.235,Left,-2.299178,-4.707007,1,1
72057594037932043,12:09:21.235,Right,2.325741,1.749016,1,1
72057594037932043,12:09:21.268,Left,-2.299449,-4.715505,1,1
72057594037932043,12:09:21.268,Right,2.336908,1.705928,1,1
72057594037932043,12:09:21.319,Left,-2.299449,-4.715505,1,1
72057594037932043,12:09:21.319,Right,2.336908,1.705928,1,1
72057594037932043,12:09:21.353,Left,-2.309023,-4.698128,1,1
72057594037932043,12:09:21.353,Right,2.366202,1.530526,1,1
72057594037932043,12:09:21.388,Left,-2.309023,-4.698128,1,1
72057594037932043,12:09:21.388,Right,2.366202,1.530526,1,1
72057594037932043,12:09:21.439,Left,-2.304275,-4.70277,1,1
72057594037932043,12:09:21.439,Right,2.367764,1.439124,1,1
72057594037932043,12:09:21.472,Left,-2.30015,-4.689784,1,1
72057594037932043,12:09:21.472,Right,2.417489,1.266918,1,1
72057594037932043,12:09:21.509,Left,-2.302404,-4.695268,1,1
72057594037932043,12:09:21.509,Right,2.454532,1.132727,1,1
72057594037932043,12:09:21.545,Left,-2.299661,-4.691811,1,1
72057594037932043,12:09:21.545,Right,2.47646,1.003722,1,1
72057594037932043,12:09:21.602,Left,-2.299661,-4.691811,1,1
72057594037932043,12:09:21.602,Right,2.47646,1.003722,1,1
72057594037932043,12:09:21.638,Left,-2.307147,-4.701909,1,1
72057594037932043,12:09:21.638,Right,2.543162,-0.03191651,1,1
72057594037932043,12:09:21.673,Left,-2.306263,-4.716666,1,1
72057594037932043,12:09:21.673,Right,2.483533,-0.3047339,1,1
72057594037932043,12:09:21.707,Left,-2.306263,-4.716666,1,1
72057594037932043,12:09:21.707,Right,2.483533,-0.3047339,1,1
72057594037932043,12:09:21.759,Left,-2.307556,-4.710464,1,1
72057594037932043,12:09:21.759,Right,2.429393,-0.7412487,1,1
72057594037932043,12:09:21.793,Left,-2.312453,-4.705371,1,1
72057594037932043,12:09:21.793,Right,2.326944,-1.143459,1,1
72057594037932043,12:09:21.827,Left,-2.313976,-4.697996,1,1
72057594037932043,12:09:21.827,Right,2.078719,-2.066022,1,1
72057594037932043,12:09:21.878,Left,-2.310902,-4.694306,1,1
72057594037932043,12:09:21.878,Right,1.95446,-2.670348,1,1
72057594037932043,12:09:21.911,Left,-2.312197,-4.688594,1,1
72057594037932043,12:09:21.911,Right,1.784641,-3.27342,1,1
72057594037932043,12:09:21.945,Left,-2.297673,-4.681784,1,1
72057594037932043,12:09:21.945,Right,1.824665,-3.635694,1,1
72057594037932043,12:09:21.995,Left,-2.244929,-4.571341,1,1
72057594037932043,12:09:21.995,Right,2.136407,-4.362023,1,1
72057594037932043,12:09:22.029,Left,-2.183148,-4.522958,1,1
72057594037932043,12:09:22.029,Right,1.944325,-4.595887,1,1
72057594037932043,12:09:22.080,Left,-2.121705,-4.342222,1,1
72057594037932043,12:09:22.080,Right,2.009983,-4.719304,1,1
72057594037932043,12:09:22.113,Left,-2.113715,-4.279466,1,1
72057594037932043,12:09:22.113,Right,2.036786,-4.806906,1,1
72057594037932043,12:09:22.147,Left,-2.234973,-3.857872,1,1
72057594037932043,12:09:22.147,Right,2.029966,-4.807957,1,1
72057594037932043,12:09:22.198,Left,-2.197026,-3.646677,1,1
72057594037932043,12:09:22.198,Right,2.033347,-4.773358,1,1
72057594037932043,12:09:22.231,Left,-2.211879,-3.40331,1,1
72057594037932043,12:09:22.231,Right,2.046428,-4.756752,1,1
72057594037932043,12:09:22.265,Left,-2.211879,-3.40331,1,1
72057594037932043,12:09:22.265,Right,2.046428,-4.756752,1,1
72057594037932043,12:09:22.316,Left,-1.881861,-2.248266,1,1
72057594037932043,12:09:22.316,Right,2.080381,-4.802402,1,1
72057594037932043,12:09:22.354,Left,-1.881861,-2.248266,1,1
72057594037932043,12:09:22.354,Right,2.080381,-4.802402,1,1
72057594037932043,12:09:22.388,Left,-2.329914,-2.147577,1,1
72057594037932043,12:09:22.388,Right,1.975366,-4.867555,1,1
72057594037932043,12:09:22.439,Left,-0.6221268,-0.5327803,1,1
72057594037932043,12:09:22.439,Right,2.090451,-4.80805,1,1
72057594037932043,12:09:22.473,Left,-0.5837766,0.734554,1,1
72057594037932043,12:09:22.473,Right,2.173382,-4.684154,1,1
72057594037932043,12:09:22.516,Left,-0.5590862,1.159905,1,1
72057594037932043,12:09:22.516,Right,2.057303,-4.809544,1,1
72057594037932043,12:09:22.552,Left,-0.5508229,1.764986,1,1
72057594037932043,12:09:22.552,Right,1.571893,-3.222608,1,1
72057594037932043,12:09:22.587,Left,-0.5508229,1.764986,1,1
72057594037932043,12:09:22.587,Right,1.571893,-3.222608,1,1
72057594037932043,12:09:22.624,Left,-0.5617161,1.872851,1,1
72057594037932043,12:09:22.624,Right,1.562172,-3.221541,1,1
72057594037932043,12:09:22.675,Left,-0.817368,1.474241,1,1
72057594037932043,12:09:22.675,Right,1.554388,-3.218583,1,1
72057594037932043,12:09:22.708,Left,-0.8117494,1.52515,1,1
72057594037932043,12:09:22.708,Right,1.55186,-3.214341,1,1
72057594037932043,12:09:22.758,Left,-0.5430714,1.941261,1,1
72057594037932043,12:09:22.758,Right,1.551146,-3.213679,1,1
72057594037932043,12:09:22.792,Left,-0.536341,1.881073,1,1
72057594037932043,12:09:22.792,Right,1.972198,-3.145616,1,1
72057594037932043,12:09:22.826,Left,-0.5339157,1.707709,1,1
72057594037932043,12:09:22.826,Right,1.958335,-3.143598,1,1
72057594037932043,12:09:22.877,Left,-0.5490988,1.58602,1,1
72057594037932043,12:09:22.877,Right,1.95133,-3.144288,1,1
72057594037932043,12:09:22.911,Left,-0.5315545,1.315427,1,1
72057594037932043,12:09:22.911,Right,1.96158,-3.191368,1,1
72057594037932043,12:09:22.948,Left,-0.5256221,1.155996,1,1
72057594037932043,12:09:22.948,Right,1.956335,-3.197176,1,1
72057594037932043,12:09:22.998,Left,-0.5256221,1.155996,1,1
72057594037932043,12:09:22.998,Right,1.956335,-3.197176,1,1
72057594037932043,12:09:23.032,Left,-0.4932867,0.9649242,1,1
72057594037932043,12:09:23.032,Right,1.88945,-3.110965,1,1
72057594037932043,12:09:23.066,Left,-0.4700193,0.3316001,1,1
72057594037932043,12:09:23.066,Right,2.375044,-4.135402,1,1
72057594037932043,12:09:23.122,Left,-0.4456055,0.006459884,1,1
72057594037932043,12:09:23.122,Right,2.341743,-3.98728,1,1
72057594037932043,12:09:23.155,Left,-0.3931186,-0.8981704,1,1
72057594037932043,12:09:23.155,Right,2.391472,-4.162498,1,1
72057594037932043,12:09:23.189,Left,-0.3931186,-0.8981704,1,1
72057594037932043,12:09:23.189,Right,2.391472,-4.162498,1,1
72057594037932043,12:09:23.240,Left,-0.7367626,-1.707479,1,1
72057594037932043,12:09:23.240,Right,2.398591,-4.158109,1,1
72057594037932043,12:09:23.274,Left,-1.22624,-2.493619,1,1
72057594037932043,12:09:23.274,Right,2.371999,-4.322811,1,1
72057594037932043,12:09:23.307,Left,-0.8427033,-3.163368,1,1
72057594037932043,12:09:23.307,Right,2.3749,-4.479425,1,1
72057594037932043,12:09:23.360,Left,-0.9194174,-3.573248,1,1
72057594037932043,12:09:23.360,Right,2.375234,-4.469154,1,1
72057594037932043,12:09:23.396,Left,-1.138223,-3.812569,1,1
72057594037932043,12:09:23.396,Right,2.414011,-4.580464,1,1
72057594037932043,12:09:23.430,Left,-2.091289,-3.769871,1,1
72057594037932043,12:09:23.430,Right,2.396255,-4.583676,1,1
72057594037932043,12:09:23.463,Left,-2.091289,-3.769871,1,1
72057594037932043,12:09:23.463,Right,2.396255,-4.583676,1,1
72057594037932043,12:09:23.514,Left,-2.401448,-4.171757,1,1
72057594037932043,12:09:23.514,Right,2.546714,-4.545306,1,1
72057594037932043,12:09:23.548,Left,-2.338936,-4.371397,1,1
72057594037932043,12:09:23.548,Right,2.162024,-4.725288,1,1
72057594037932043,12:09:23.598,Left,-2.338936,-4.371397,1,1
72057594037932043,12:09:23.598,Right,2.162024,-4.725288,1,1
72057594037932043,12:09:23.632,Left,-2.294588,-4.521043,1,1
72057594037932043,12:09:23.632,Right,2.199401,-4.657596,1,1
72057594037932043,12:09:23.666,Left,-2.300399,-4.679246,1,1
72057594037932043,12:09:23.666,Right,2.365645,-4.397305,1,1
72057594037932043,12:09:23.716,Left,-2.272152,-4.709526,1,1
72057594037932043,12:09:23.716,Right,2.408792,-4.309815,1,1
72057594037932043,12:09:23.750,Left,-2.280618,-4.735426,1,1
72057594037932043,12:09:23.750,Right,2.625857,-3.591302,1,1
72057594037932043,12:09:23.785,Left,-2.302896,-4.735676,1,1
72057594037932043,12:09:23.785,Right,2.653719,-3.361351,1,1
72057594037932043,12:09:23.839,Left,-2.309418,-4.735212,1,1
72057594037932043,12:09:23.839,Right,2.783215,-2.91555,1,1
72057594037932043,12:09:23.872,Left,-2.309418,-4.735212,1,1
72057594037932043,12:09:23.872,Right,2.783215,-2.91555,1,1
72057594037932043,12:09:23.906,Left,-2.331687,-4.708362,1,1
72057594037932043,12:09:23.906,Right,2.064281,-2.091829,1,1
72057594037932043,12:09:23.959,Left,-2.341217,-4.708815,1,1
72057594037932043,12:09:23.959,Right,2.140627,-1.526393,1,1
72057594037932043,12:09:23.993,Left,-2.349453,-4.704056,1,1
72057594037932043,12:09:23.993,Right,2.192675,-0.9524703,1,1
72057594037932043,12:09:24.027,Left,-2.341878,-4.704886,1,1
72057594037932043,12:09:24.027,Right,2.238076,0.2543775,1,1
72057594037932043,12:09:24.078,Left,-2.324655,-4.6819,1,1
72057594037932043,12:09:24.078,Right,2.256111,0.8502568,1,1
72057594037932043,12:09:24.112,Left,-2.310438,-4.677846,1,1
72057594037932043,12:09:24.112,Right,2.308698,1.433654,1,1
72057594037932043,12:09:24.146,Left,-2.298764,-4.677558,1,1
72057594037932043,12:09:24.146,Right,2.241678,2.593112,1,1
72057594037932043,12:09:24.196,Left,-2.300924,-4.662847,1,1
72057594037932043,12:09:24.196,Right,2.481353,2.121263,1,1
72057594037932043,12:09:24.229,Left,-2.300924,-4.662847,1,1
72057594037932043,12:09:24.229,Right,2.481353,2.121263,1,1
72057594037932043,12:09:24.284,Left,-2.304954,-4.659459,1,1
72057594037932043,12:09:24.284,Right,2.494531,2.311859,1,1
72057594037932043,12:09:24.319,Left,-2.301526,-4.664785,1,1
72057594037932043,12:09:24.319,Right,2.742405,2.330053,1,1
72057594037932043,12:09:24.353,Left,-2.291953,-4.693025,1,1
72057594037932043,12:09:24.353,Right,2.791549,2.392435,1,1
72057594037932043,12:09:24.387,Left,-2.30542,-4.702096,1,1
72057594037932043,12:09:24.387,Right,2.813088,2.464822,1,1
72057594037932043,12:09:24.440,Left,-2.308616,-4.712818,1,1
72057594037932043,12:09:24.440,Right,2.902744,2.447483,1,1
72057594037932043,12:09:24.474,Left,-2.320322,-4.70296,1,1
72057594037932043,12:09:24.474,Right,2.995544,2.301977,1,1
72057594037932043,12:09:24.512,Left,-2.315417,-4.712784,1,1
72057594037932043,12:09:24.512,Right,3.050293,2.217142,1,1
72057594037932043,12:09:24.545,Left,-2.315417,-4.712784,1,1
72057594037932043,12:09:24.545,Right,3.050293,2.217142,1,1
72057594037932043,12:09:24.595,Left,-2.316033,-4.713894,1,1
72057594037932043,12:09:24.595,Right,3.095911,2.229149,1,1
72057594037932043,12:09:24.629,Left,-2.314826,-4.712533,1,1
72057594037932043,12:09:24.629,Right,3.124154,2.212766,1,1
72057594037932043,12:09:24.680,Left,-2.317923,-4.717092,1,1
72057594037932043,12:09:24.680,Right,3.136565,2.190488,1,1
72057594037932043,12:09:24.714,Left,-2.334146,-4.743853,1,1
72057594037932043,12:09:24.714,Right,3.041804,2.172932,1,1
72057594037932043,12:09:24.748,Left,-2.334146,-4.743853,1,1
72057594037932043,12:09:24.748,Right,3.041804,2.172932,1,1
72057594037932043,12:09:24.798,Left,-2.332391,-4.745287,1,1
72057594037932043,12:09:24.798,Right,2.940069,2.08362,1,1
72057594037932043,12:09:24.831,Left,-2.333389,-4.743784,1,1
72057594037932043,12:09:24.831,Right,2.523226,2.380153,1,1
72057594037932043,12:09:24.866,Left,-2.342728,-4.70579,1,1
72057594037932043,12:09:24.866,Right,2.212337,1.850839,1,1
72057594037932043,12:09:24.917,Left,-2.350972,-4.689868,1,1
72057594037932043,12:09:24.917,Right,2.082246,1.269768,1,1
72057594037932043,12:09:24.951,Left,-2.360809,-4.678284,1,1
72057594037932043,12:09:24.951,Right,1.89844,0.7260102,1,1
72057594037932043,12:09:24.985,Left,-2.374654,-4.642866,1,1
72057594037932043,12:09:24.985,Right,1.603592,-0.4208981,1,1
72057594037932043,12:09:25.036,Left,-2.383872,-4.61474,1,1
72057594037932043,12:09:25.036,Right,1.548729,-0.9411899,1,1
72057594037932043,12:09:25.071,Left,-2.361074,-4.577406,1,1
72057594037932043,12:09:25.071,Right,1.493217,-1.410773,1,1
72057594037932043,12:09:25.107,Left,-2.231335,-4.433946,1,1
72057594037932043,12:09:25.107,Right,1.468293,-2.26093,1,1
72057594037932043,12:09:25.157,Left,-2.231335,-4.433946,1,1
72057594037932043,12:09:25.157,Right,1.468293,-2.26093,1,1
72057594037932043,12:09:25.191,Left,-2.19043,-4.298456,1,1
72057594037932043,12:09:25.191,Right,1.442892,-2.695592,1,1
72057594037932043,12:09:25.225,Left,-2.177952,-4.013659,1,1
72057594037932043,12:09:25.225,Right,1.40188,-3.15395,1,1
72057594037932043,12:09:25.275,Left,-2.694854,-3.136654,1,1
72057594037932043,12:09:25.275,Right,1.965646,-3.649272,1,1
72057594037932043,12:09:25.310,Left,-2.925187,-2.714223,1,1
72057594037932043,12:09:25.310,Right,1.923856,-3.918855,1,1
72057594037932043,12:09:25.344,Left,-3.232453,-2.48946,1,1
72057594037932043,12:09:25.344,Right,1.979386,-4.353673,1,1
72057594037932043,12:09:25.396,Left,-3.226175,-1.942023,1,1
72057594037932043,12:09:25.396,Right,1.806453,-4.537759,1,1
72057594037932043,12:09:25.429,Left,-3.226175,-1.942023,1,1
72057594037932043,12:09:25.429,Right,1.806453,-4.537759,1,1
72057594037932043,12:09:25.463,Left,-2.975832,0.07250466,1,1
72057594037932043,12:09:25.463,Right,2.137638,-4.648458,1,1
72057594037932043,12:09:25.514,Left,-3.640378,0.2472922,1,1
72057594037932043,12:09:25.514,Right,2.226408,-4.858248,1,1
72057594037932043,12:09:25.552,Left,-3.640378,0.2472922,1,1
72057594037932043,12:09:25.552,Right,2.226408,-4.858248,1,1
72057594037932043,12:09:25.586,Left,-3.821922,0.3721043,1,1
72057594037932043,12:09:25.586,Right,2.22503,-4.85701,1,1
72057594037932043,12:09:25.636,Left,-4.049723,1.133964,1,1
72057594037932043,12:09:25.636,Right,2.226747,-4.857789,1,1
72057594037932043,12:09:25.670,Left,-4.325407,0.8620585,1,1
72057594037932043,12:09:25.670,Right,2.149988,-4.981998,1,1
72057594037932043,12:09:25.711,Left,-4.368241,0.8728926,1,1
72057594037932043,12:09:25.711,Right,2.164201,-5.005757,1,1
72057594037932043,12:09:25.745,Left,-4.406267,0.8279634,1,1
72057594037932043,12:09:25.745,Right,2.278137,-4.930157,1,1
72057594037932043,12:09:25.798,Left,-4.415427,0.7578533,1,1
72057594037932043,12:09:25.798,Right,2.285458,-4.921669,1,1
72057594037932043,12:09:25.832,Left,-4.415427,0.7578533,1,1
72057594037932043,12:09:25.832,Right,2.285458,-4.921669,1,1
72057594037932043,12:09:25.866,Left,-4.417497,0.6861625,1,1
72057594037932043,12:09:25.866,Right,2.472993,-4.670609,1,1
72057594037932043,12:09:25.916,Left,-4.372895,0.2346739,1,1
72057594037932043,12:09:25.916,Right,2.309096,-4.926704,1,1
72057594037932043,12:09:25.950,Left,-4.372895,0.2346739,1,1
72057594037932043,12:09:25.950,Right,2.309096,-4.926704,1,1
72057594037932043,12:09:26.000,Left,-4.31829,0.04115279,1,1
72057594037932043,12:09:26.000,Right,2.29027,-4.863513,1,1
72057594037932043,12:09:26.023,Left,-3.652548,-0.409588,1,1
72057594037932043,12:09:26.023,Right,2.345948,-4.753041,1,1
72057594037932043,12:09:26.075,Left,-3.652548,-0.409588,1,1
72057594037932043,12:09:26.075,Right,2.345948,-4.753041,1,1
72057594037932043,12:09:26.111,Left,-3.45408,-0.8634388,1,1
72057594037932043,12:09:26.111,Right,2.406603,-4.696209,1,1
72057594037932043,12:09:26.144,Left,-3.496426,-1.585715,1,1
72057594037932043,12:09:26.144,Right,2.514925,-4.569281,1,1
72057594037932043,12:09:26.195,Left,-2.912531,-2.038928,1,1
72057594037932043,12:09:26.195,Right,2.61415,-4.485637,1,1
72057594037932043,12:09:26.229,Left,-2.912531,-2.038928,1,1
72057594037932043,12:09:26.229,Right,2.61415,-4.485637,1,1
72057594037932043,12:09:26.279,Left,-2.425904,-2.548879,1,1
72057594037932043,12:09:26.279,Right,2.680482,-4.371919,1,1
72057594037932043,12:09:26.313,Left,-2.849756,-3.38474,1,1
72057594037932043,12:09:26.313,Right,2.838717,-4.225235,1,1
72057594037932043,12:09:26.347,Left,-2.864875,-3.503426,1,1
72057594037932043,12:09:26.347,Right,2.974863,-3.927074,1,1
72057594037932043,12:09:26.397,Left,-2.893482,-3.6826,1,1
72057594037932043,12:09:26.397,Right,2.996037,-4.07681,1,1
72057594037932043,12:09:26.432,Left,-2.876855,-3.741837,1,1
72057594037932043,12:09:26.432,Right,3.006308,-4.048178,1,1
72057594037932043,12:09:26.465,Left,-2.876855,-3.741837,1,1
72057594037932043,12:09:26.465,Right,3.006308,-4.048178,1,1
72057594037932043,12:09:26.516,Left,-2.76747,-3.785315,1,1
72057594037932043,12:09:26.516,Right,3.054465,-3.955802,1,1
72057594037932043,12:09:26.549,Left,-2.76747,-3.785315,1,1
72057594037932043,12:09:26.549,Right,3.054465,-3.955802,1,1
72057594037932043,12:09:26.600,Left,-2.724889,-3.774126,1,1
72057594037932043,12:09:26.600,Right,3.037117,-3.918761,1,1
72057594037932043,12:09:26.633,Left,-2.681868,-3.772321,1,1
72057594037932043,12:09:26.633,Right,3.045906,-3.939039,1,1
72057594037932043,12:09:26.667,Left,-2.664998,-3.718431,1,1
72057594037932043,12:09:26.667,Right,3.001363,-3.84645,1,1
72057594037932043,12:09:26.707,Left,-2.643556,-3.731626,1,1
72057594037932043,12:09:26.707,Right,2.985819,-3.847973,1,1
72057594037932043,12:09:26.757,Left,-2.643556,-3.731626,1,1
72057594037932043,12:09:26.757,Right,2.985819,-3.847973,1,1
72057594037932043,12:09:26.791,Left,-2.637635,-3.719064,1,1
72057594037932043,12:09:26.791,Right,2.985834,-3.830052,1,1
72057594037932043,12:09:26.828,Left,-2.603101,-3.655048,1,1
72057594037932043,12:09:26.828,Right,2.981284,-3.839149,1,1
72057594037932043,12:09:26.880,Left,-2.616185,-3.717182,1,1
72057594037932043,12:09:26.880,Right,2.947709,-3.803625,1,1
72057594037932043,12:09:26.913,Left,-2.571038,-3.688364,1,1
72057594037932043,12:09:26.913,Right,2.937865,-3.789909,1,1
72057594037932043,12:09:26.947,Left,-2.536026,-3.67194,1,1
72057594037932043,12:09:26.947,Right,2.860053,-3.657156,1,1
72057594037932043,12:09:26.991,Left,-2.524171,-3.667882,1,1
72057594037932043,12:09:26.991,Right,2.84304,-3.64332,1,1
72057594037932043,12:09:27.024,Left,-2.507903,-3.662054,1,1
72057594037932043,12:09:27.024,Right,2.842482,-3.674142,1,1
72057594037932043,12:09:27.078,Left,-2.506706,-3.656837,1,1
72057594037932043,12:09:27.078,Right,2.837018,-3.664697,1,1
72057594037932043,12:09:27.111,Left,-2.501001,-3.657573,1,1
72057594037932043,12:09:27.111,Right,2.838009,-3.70762,1,1
72057594037932043,12:09:27.145,Left,-2.501001,-3.657573,1,1
72057594037932043,12:09:27.145,Right,2.838009,-3.70762,1,1
72057594037932043,12:09:27.195,Left,-2.602304,-3.648514,1,1
72057594037932043,12:09:27.195,Right,2.817024,-3.671778,1,1
72057594037932043,12:09:27.234,Left,-2.602304,-3.648514,1,1
72057594037932043,12:09:27.234,Right,2.817024,-3.671778,1,1
72057594037932043,12:09:27.270,Left,-2.47509,-3.666227,1,1
72057594037932043,12:09:27.270,Right,2.814674,-3.692649,1,1
72057594037932043,12:09:27.304,Left,-2.475462,-3.648747,1,1
72057594037932043,12:09:27.304,Right,2.81879,-3.696007,1,1
72057594037932043,12:09:27.361,Left,-2.476427,-3.651995,1,1
72057594037932043,12:09:27.361,Right,2.820991,-3.689072,1,1
72057594037932043,12:09:27.394,Left,-2.475119,-3.648189,1,1
72057594037932043,12:09:27.394,Right,2.817217,-3.686208,1,1
72057594037932043,12:09:27.428,Left,-2.495095,-3.684923,1,1
72057594037932043,12:09:27.428,Right,2.821751,-3.688111,1,1
72057594037932043,12:09:27.480,Left,-2.454312,-3.642099,1,1
72057594037932043,12:09:27.480,Right,2.818099,-3.680698,1,1
72057594037932043,12:09:27.516,Left,-2.448277,-3.645134,1,1
72057594037932043,12:09:27.516,Right,2.82563,-3.683927,1,1
72057594037932043,12:09:27.550,Left,-2.46886,-3.663971,1,1
72057594037932043,12:09:27.550,Right,2.816871,-3.679122,1,1
72057594037932043,12:09:27.589,Left,-2.46886,-3.663971,1,1
72057594037932043,12:09:27.589,Right,2.816871,-3.679122,1,1
72057594037932043,12:09:27.628,Left,-2.458912,-3.677369,1,1
72057594037932043,12:09:27.628,Right,2.825407,-3.685009,1,1
72057594037932043,12:09:27.665,Left,-2.457552,-3.678048,1,1
72057594037932043,12:09:27.665,Right,2.839305,-3.699207,1,1
72057594037932043,12:09:27.723,Left,-2.372282,-3.644743,1,1
72057594037932043,12:09:27.723,Right,2.939229,-3.915166,1,1
72057594037932043,12:09:27.764,Left,-2.422826,-3.684206,1,1
72057594037932043,12:09:27.764,Right,2.904786,-3.871589,1,1
72057594037932043,12:09:27.802,Left,-2.420916,-3.687615,1,1
72057594037932043,12:09:27.802,Right,1.587284,-3.559415,1,1
72057594037932043,12:09:27.836,Left,-2.419681,-3.690592,1,1
72057594037932043,12:09:27.836,Right,1.582045,-3.553458,1,1
72057594037932043,12:09:27.866,Left,-2.415013,-3.69587,1,1
72057594037932043,12:09:27.866,Right,1.586587,-3.56017,1,1
72057594037932043,12:09:27.910,Left,-2.390071,-3.733882,1,1
72057594037932043,12:09:27.910,Right,1.583655,-3.546339,1,1
72057594037932043,12:09:27.947,Left,-2.388215,-3.735094,1,1
72057594037932043,12:09:27.947,Right,1.589673,-3.553419,1,1
72057594037932043,12:09:27.988,Left,-2.384163,-3.734626,1,1
72057594037932043,12:09:27.988,Right,1.60081,-3.558363,1,1
72057594037932043,12:09:28.039,Left,-2.381742,-3.738293,1,1
72057594037932043,12:09:28.039,Right,1.608984,-3.54445,1,1
72057594037932043,12:09:28.067,Left,-2.369383,-3.74423,1,1
72057594037932043,12:09:28.067,Right,1.607079,-3.554067,1,1
